requested_n_ribs,effective_n_ribs,th_front,th_back,xf,zf,phi_ribs,th_ribs,winding_number,area_factor,normed_fx,normed_fz,reward,E_front,E_back,reward_outer_winding_emphasis,weight_set,reward_outer_area_emphasis,reward_outer_fx_emphasis,reward_outer_fz_emphasis
4,4,0.0022812936271341,0.0047156606714182,0.0083880208515987,0.022446785486557,[ 37.25379479 -24.98931353  51.6441463   -1.39666638],[0.00270276 0.00211754 0.00270955 0.00268132],0.2582172529708556,0.8896160481607772,0.6637709328585268,0.0486108465781473,-1.7629933874120125,0.0249133087242616,0.0949405735574137,-2.795862399295435,winding_emphasis,,,
5,5,0.0021599023599974,0.0036522038747829,0.0253697934017905,0.0181142894608252,[ 29.99718868  23.4935277   53.02569019  44.995282   -11.07216591],[0.00247048 0.00236696 0.0025087  0.00243384 0.00234374],0.2578526007223261,1.1092604459305286,0.4150248051273342,0.2048790003176928,-1.577258851462496,0.0221859652184191,0.0474787322387363,-2.608669254351801,area_emphasis,-6.014300635184611,,
2,2,0.0028948103433918,0.0049522710901284,0.0461421962898441,-0.0506129657651215,[55.08116786 59.50469153],[0.00237448 0.00200143],0.2624681425773286,0.6560982427725245,1.059313636747418,0.9545547745940522,-1.023325247503219,0.0471076755131362,0.0649761479937265,-2.073197817812533,fx_emphasis,-3.6477182185933166,-5.260579794492892,
4,4,0.0022812936271341,0.0047156606714182,0.0083880208515987,0.022446785486557,[ 37.25379479 -24.98931353  51.6441463   -1.39666638],[0.00270276 0.00211754 0.00270955 0.00268132],0.2582172529708556,0.8896160481607772,0.6637709328585268,0.0486108465781473,-1.7629933874120125,0.0249133087242616,0.0949405735574137,-2.795862399295435,fz_emphasis,-5.321457580055122,-4.41807711884612,-1.568550001099423
